<?xml version="1.0" encoding="utf-8" standalone="yes"?>
<rss version="2.0" xmlns:atom="http://www.w3.org/2005/Atom" xmlns:content="http://purl.org/rss/1.0/modules/content/">
  <channel>
    <title>web-hosting on credibleDEV</title>
    <link>https://credibledev.com/tags/web-hosting/</link>
    <description>Recent content in web-hosting on credibleDEV</description>
    <generator>Hugo -- gohugo.io</generator>
    <language>en-us</language>
    <lastBuildDate>Wed, 25 Jan 2023 00:00:00 +0000</lastBuildDate><atom:link href="https://credibledev.com/tags/web-hosting/index.xml" rel="self" type="application/rss+xml" />
    <item>
      <title>Best Web Hosting for WordPress 2023</title>
      <link>https://credibledev.com/best-web-hosting-for-wordpress/</link>
      <pubDate>Wed, 25 Jan 2023 00:00:00 +0000</pubDate>
      
      <guid>https://credibledev.com/best-web-hosting-for-wordpress/</guid>
      <description>Finding the best web host for a WordPress website can be challenging. I&amp;#39;ve used many hosts and in this guide, I&amp;#39;ll use my experience to help you find the best.</description>
    </item>
    
  </channel>
</rss>
