<?xml version="1.0" encoding="utf-8" standalone="yes"?>
<rss version="2.0" xmlns:atom="http://www.w3.org/2005/Atom" xmlns:content="http://purl.org/rss/1.0/modules/content/">
  <channel>
    <title>virtualenv on credibleDEV</title>
    <link>https://credibledev.com/tags/virtualenv/</link>
    <description>Recent content in virtualenv on credibleDEV</description>
    <generator>Hugo -- gohugo.io</generator>
    <language>en-us</language>
    <lastBuildDate>Wed, 24 Feb 2021 00:00:00 +0000</lastBuildDate><atom:link href="https://credibledev.com/tags/virtualenv/index.xml" rel="self" type="application/rss+xml" />
    <item>
      <title>3 Easy Steps: Install VirtualEnv on Arch Linux for Python</title>
      <link>https://credibledev.com/install-virtualenv-on-arch-linux-for-python/</link>
      <pubDate>Wed, 24 Feb 2021 00:00:00 +0000</pubDate>
      
      <guid>https://credibledev.com/install-virtualenv-on-arch-linux-for-python/</guid>
      <description>How to setup and use VirtualEnv on Arch Linux. Virtual Python environments are useful when working on multiple Python projects.</description>
    </item>
    
  </channel>
</rss>
