<?xml version="1.0" encoding="utf-8" standalone="yes"?>
<rss version="2.0" xmlns:atom="http://www.w3.org/2005/Atom" xmlns:content="http://purl.org/rss/1.0/modules/content/">
  <channel>
    <title>pamac on credibleDEV</title>
    <link>https://credibledev.com/tags/pamac/</link>
    <description>Recent content in pamac on credibleDEV</description>
    <generator>Hugo -- gohugo.io</generator>
    <language>en-us</language>
    <lastBuildDate>Tue, 31 Jan 2023 00:00:00 +0000</lastBuildDate><atom:link href="https://credibledev.com/tags/pamac/index.xml" rel="self" type="application/rss+xml" />
    <item>
      <title>Install Pamac on EndeavourOS</title>
      <link>https://credibledev.com/install-pamac-on-endeavouros/</link>
      <pubDate>Tue, 31 Jan 2023 00:00:00 +0000</pubDate>
      
      <guid>https://credibledev.com/install-pamac-on-endeavouros/</guid>
      <description>EndeavourOS doesn&amp;#39;t come with a GUI package manager so this guide will show you how to install pamac on EndeavourOS with just one command.</description>
    </item>
    
  </channel>
</rss>
