<?xml version="1.0" encoding="utf-8" standalone="yes"?>
<rss version="2.0" xmlns:atom="http://www.w3.org/2005/Atom" xmlns:content="http://purl.org/rss/1.0/modules/content/">
  <channel>
    <title>fedora on credibleDEV</title>
    <link>https://credibledev.com/tags/fedora/</link>
    <description>Recent content in fedora on credibleDEV</description>
    <generator>Hugo -- gohugo.io</generator>
    <language>en-us</language>
    <lastBuildDate>Mon, 06 Mar 2023 00:00:00 +0000</lastBuildDate><atom:link href="https://credibledev.com/tags/fedora/index.xml" rel="self" type="application/rss+xml" />
    <item>
      <title>9 Things to Do After Installing Fedora 37</title>
      <link>https://credibledev.com/9-things-to-do-after-installing-fedora-37/</link>
      <pubDate>Mon, 06 Mar 2023 00:00:00 +0000</pubDate>
      
      <guid>https://credibledev.com/9-things-to-do-after-installing-fedora-37/</guid>
      <description>Fedora 37 is an excellent Linux operating system that works well for new and experienced users. This list covers 9 things to do after install.</description>
    </item>
    
  </channel>
</rss>
