<?xml version="1.0" encoding="utf-8" standalone="yes"?>
<rss version="2.0" xmlns:atom="http://www.w3.org/2005/Atom" xmlns:content="http://purl.org/rss/1.0/modules/content/">
  <channel>
    <title>mem on credibleDEV</title>
    <link>https://credibledev.com/tags/mem/</link>
    <description>Recent content in mem on credibleDEV</description>
    <generator>Hugo -- gohugo.io</generator>
    <language>en-us</language>
    <lastBuildDate>Tue, 08 Nov 2022 00:00:00 +0000</lastBuildDate><atom:link href="https://credibledev.com/tags/mem/index.xml" rel="self" type="application/rss+xml" />
    <item>
      <title>Deploy PowerShell Scripts in Intune - 3 Easy Methods</title>
      <link>https://credibledev.com/powershell-scripts-in-intune/</link>
      <pubDate>Tue, 08 Nov 2022 00:00:00 +0000</pubDate>
      
      <guid>https://credibledev.com/powershell-scripts-in-intune/</guid>
      <description>3 easy methods to deploy PowerShell scripts in Intune. Single scripts, proactive remediations and Win32 app methods.</description>
    </item>
    
  </channel>
</rss>
