<?xml version="1.0" encoding="utf-8" standalone="yes"?>
<rss version="2.0" xmlns:atom="http://www.w3.org/2005/Atom" xmlns:content="http://purl.org/rss/1.0/modules/content/">
  <channel>
    <title>tail on credibleDEV</title>
    <link>https://credibledev.com/tags/tail/</link>
    <description>Recent content in tail on credibleDEV</description>
    <generator>Hugo -- gohugo.io</generator>
    <language>en-us</language>
    <lastBuildDate>Fri, 14 Oct 2022 00:00:00 +0000</lastBuildDate><atom:link href="https://credibledev.com/tags/tail/index.xml" rel="self" type="application/rss+xml" />
    <item>
      <title>Using the Tail Command in Linux</title>
      <link>https://credibledev.com/tail-command-in-linux/</link>
      <pubDate>Fri, 14 Oct 2022 00:00:00 +0000</pubDate>
      
      <guid>https://credibledev.com/tail-command-in-linux/</guid>
      <description>The Tail command in Linux is very useful for quickly getting content from logs files and other text documents.</description>
    </item>
    
  </channel>
</rss>
