<?xml version="1.0" encoding="utf-8" standalone="yes"?>
<rss version="2.0" xmlns:atom="http://www.w3.org/2005/Atom" xmlns:content="http://purl.org/rss/1.0/modules/content/">
  <channel>
    <title>obs on credibleDEV</title>
    <link>https://credibledev.com/tags/obs/</link>
    <description>Recent content in obs on credibleDEV</description>
    <generator>Hugo -- gohugo.io</generator>
    <language>en-us</language>
    <lastBuildDate>Thu, 28 Sep 2023 00:00:00 +0000</lastBuildDate><atom:link href="https://credibledev.com/tags/obs/index.xml" rel="self" type="application/rss+xml" />
    <item>
      <title>Fix OBS Studio Black Screen on Manjaro GNOME Edition</title>
      <link>https://credibledev.com/fix-obs-studio-black-screen-on-manjaro-gnome-edition/</link>
      <pubDate>Thu, 28 Sep 2023 00:00:00 +0000</pubDate>
      
      <guid>https://credibledev.com/fix-obs-studio-black-screen-on-manjaro-gnome-edition/</guid>
      <description>Running OBS Studio on a fresh Manjaro GNOME install may result in a black screen. Here is a simple solution to fix a OBS black screen issue.</description>
    </item>
    
  </channel>
</rss>
