<?xml version="1.0" encoding="utf-8" standalone="yes"?>
<rss version="2.0" xmlns:atom="http://www.w3.org/2005/Atom" xmlns:content="http://purl.org/rss/1.0/modules/content/">
  <channel>
    <title>yubikey on credibleDEV</title>
    <link>https://credibledev.com/tags/yubikey/</link>
    <description>Recent content in yubikey on credibleDEV</description>
    <generator>Hugo -- gohugo.io</generator>
    <language>en-us</language>
    <lastBuildDate>Thu, 01 Dec 2022 00:00:00 +0000</lastBuildDate><atom:link href="https://credibledev.com/tags/yubikey/index.xml" rel="self" type="application/rss+xml" />
    <item>
      <title>Easy Setup Yubikey on Manjaro Linux</title>
      <link>https://credibledev.com/easy-setup-yubikey-on-manjaro-linux/</link>
      <pubDate>Thu, 01 Dec 2022 00:00:00 +0000</pubDate>
      
      <guid>https://credibledev.com/easy-setup-yubikey-on-manjaro-linux/</guid>
      <description>Easy steps to setup Yubikey on Manjaro Linux for sudo, login and other authentication prompts on your Manjaro install.</description>
    </item>
    
  </channel>
</rss>
