<?xml version="1.0" encoding="utf-8" standalone="yes"?>
<rss version="2.0" xmlns:atom="http://www.w3.org/2005/Atom" xmlns:content="http://purl.org/rss/1.0/modules/content/">
  <channel>
    <title>proxmox on credibleDEV</title>
    <link>https://credibledev.com/tags/proxmox/</link>
    <description>Recent content in proxmox on credibleDEV</description>
    <generator>Hugo -- gohugo.io</generator>
    <language>en-us</language>
    <lastBuildDate>Tue, 10 Oct 2023 00:00:00 +0000</lastBuildDate><atom:link href="https://credibledev.com/tags/proxmox/index.xml" rel="self" type="application/rss+xml" />
    <item>
      <title>How to Install Synology NAS on Proxmox</title>
      <link>https://credibledev.com/how-to-install-synology-nas-on-proxmox/</link>
      <pubDate>Tue, 10 Oct 2023 00:00:00 +0000</pubDate>
      
      <guid>https://credibledev.com/how-to-install-synology-nas-on-proxmox/</guid>
      <description>This guide will walk you through setting up a Synology NAS on your Proxmox server at home.</description>
    </item>
    
    <item>
      <title>Import VirtualBox and Virt Manager VMs to Proxmox</title>
      <link>https://credibledev.com/import-virtualbox-and-virt-manager-vms-to-proxmox/</link>
      <pubDate>Fri, 10 Mar 2023 00:00:00 +0000</pubDate>
      
      <guid>https://credibledev.com/import-virtualbox-and-virt-manager-vms-to-proxmox/</guid>
      <description>This guide explains how to import existing VirtualBox and Virt Manager VM&amp;#39;s into Proxmox without any data loss.</description>
    </item>
    
    <item>
      <title>Install Docker and Portainer on Proxmox</title>
      <link>https://credibledev.com/install-docker-and-portainer-on-proxmox/</link>
      <pubDate>Wed, 08 Mar 2023 00:00:00 +0000</pubDate>
      
      <guid>https://credibledev.com/install-docker-and-portainer-on-proxmox/</guid>
      <description>Learn how to install Docker on Proxmox and use Portainer to easily manager your Docker instance and containers.</description>
    </item>
    
    <item>
      <title>Setup XRDP on a Fedora VM for Remote Desktop</title>
      <link>https://credibledev.com/setup-xrdp-on-a-fedora-vm-for-remote-desktop/</link>
      <pubDate>Fri, 24 Feb 2023 00:00:00 +0000</pubDate>
      
      <guid>https://credibledev.com/setup-xrdp-on-a-fedora-vm-for-remote-desktop/</guid>
      <description>This guide walks you through how to set up XRDP on Fedora 37 and use Remmina for the remote desktop connection from Linux.</description>
    </item>
    
    <item>
      <title>Quickly Set Up a Windows Domain Controller on Proxmox - 2022 Guide</title>
      <link>https://credibledev.com/set-up-windows-domain-controller-on-proxmox/</link>
      <pubDate>Wed, 02 Nov 2022 00:00:00 +0000</pubDate>
      
      <guid>https://credibledev.com/set-up-windows-domain-controller-on-proxmox/</guid>
      <description>This guide explains how to quickly set up a Windows Domain Controller on Proxmox as a virtual server and join a VM to the domain.</description>
    </item>
    
  </channel>
</rss>
