<?xml version="1.0" encoding="utf-8" standalone="yes"?>
<rss version="2.0" xmlns:atom="http://www.w3.org/2005/Atom" xmlns:content="http://purl.org/rss/1.0/modules/content/">
  <channel>
    <title>npm on credibleDEV</title>
    <link>https://credibledev.com/tags/npm/</link>
    <description>Recent content in npm on credibleDEV</description>
    <generator>Hugo -- gohugo.io</generator>
    <language>en-us</language>
    <lastBuildDate>Mon, 09 May 2022 00:00:00 +0000</lastBuildDate><atom:link href="https://credibledev.com/tags/npm/index.xml" rel="self" type="application/rss+xml" />
    <item>
      <title>Install NodeJS on Manjaro Linux - 2023 Update</title>
      <link>https://credibledev.com/how-to-install-nodejs-on-manjaro-linux/</link>
      <pubDate>Mon, 09 May 2022 00:00:00 +0000</pubDate>
      
      <guid>https://credibledev.com/how-to-install-nodejs-on-manjaro-linux/</guid>
      <description>How to install NodeJS on Manjaro Linux. This guide walks you through the steps to install NodeJS to get your next code project started.</description>
    </item>
    
  </channel>
</rss>
