<?xml version="1.0" encoding="utf-8" standalone="yes"?>
<rss version="2.0" xmlns:atom="http://www.w3.org/2005/Atom" xmlns:content="http://purl.org/rss/1.0/modules/content/">
  <channel>
    <title>macos on credibleDEV</title>
    <link>https://credibledev.com/tags/macos/</link>
    <description>Recent content in macos on credibleDEV</description>
    <generator>Hugo -- gohugo.io</generator>
    <language>en-us</language>
    <lastBuildDate>Tue, 21 Feb 2023 00:00:00 +0000</lastBuildDate><atom:link href="https://credibledev.com/tags/macos/index.xml" rel="self" type="application/rss+xml" />
    <item>
      <title>Mac OSX on Manjaro Linux Made Easy With Docker</title>
      <link>https://credibledev.com/mac-osx-on-manjaro-linux-made-easy-with-docker/</link>
      <pubDate>Tue, 21 Feb 2023 00:00:00 +0000</pubDate>
      
      <guid>https://credibledev.com/mac-osx-on-manjaro-linux-made-easy-with-docker/</guid>
      <description>You can run macOS on Manjaro and other Linux distributions easily with Docker for testing and development work.</description>
    </item>
    
  </channel>
</rss>
