<?xml version="1.0" encoding="utf-8" standalone="yes"?>
<rss version="2.0" xmlns:atom="http://www.w3.org/2005/Atom" xmlns:content="http://purl.org/rss/1.0/modules/content/">
  <channel>
    <title>flask on credibleDEV</title>
    <link>https://credibledev.com/tags/flask/</link>
    <description>Recent content in flask on credibleDEV</description>
    <generator>Hugo -- gohugo.io</generator>
    <language>en-us</language>
    <lastBuildDate>Fri, 27 Jan 2023 00:00:00 +0000</lastBuildDate><atom:link href="https://credibledev.com/tags/flask/index.xml" rel="self" type="application/rss+xml" />
    <item>
      <title>Python Flask Dev Environment on Manjaro Linux</title>
      <link>https://credibledev.com/python-flask-dev-environment-on-manjaro-linux/</link>
      <pubDate>Fri, 27 Jan 2023 00:00:00 +0000</pubDate>
      
      <guid>https://credibledev.com/python-flask-dev-environment-on-manjaro-linux/</guid>
      <description>This guide will walk you through setting up Python Flask on Manjaro and then deploy the app to a LiteSpeed production server using WSGI and CyberPanel.</description>
    </item>
    
    <item>
      <title>MySQL and Flask Tutorial</title>
      <link>https://credibledev.com/use-mysql-in-python-flask/</link>
      <pubDate>Fri, 26 Feb 2021 00:00:00 +0000</pubDate>
      
      <guid>https://credibledev.com/use-mysql-in-python-flask/</guid>
      <description>How to use MySQL in Python using Flask. MySQL databases are common on the web and very easy to setup in Python using Flask.</description>
    </item>
    
  </channel>
</rss>
