<?xml version="1.0" encoding="utf-8" standalone="yes"?>
<rss version="2.0" xmlns:atom="http://www.w3.org/2005/Atom" xmlns:content="http://purl.org/rss/1.0/modules/content/">
  <channel>
    <title>windows-10 on credibleDEV</title>
    <link>https://credibledev.com/categories/windows-10/</link>
    <description>Recent content in windows-10 on credibleDEV</description>
    <generator>Hugo -- gohugo.io</generator>
    <language>en-us</language>
    <lastBuildDate>Sat, 21 Jan 2023 00:00:00 +0000</lastBuildDate><atom:link href="https://credibledev.com/categories/windows-10/index.xml" rel="self" type="application/rss+xml" />
    <item>
      <title>Managed Desktop Icons and Shortcuts in Intune</title>
      <link>https://credibledev.com/managed-desktop-icons-and-shortcuts-in-intune/</link>
      <pubDate>Sat, 21 Jan 2023 00:00:00 +0000</pubDate>
      
      <guid>https://credibledev.com/managed-desktop-icons-and-shortcuts-in-intune/</guid>
      <description>Managing desktop icons and shortcuts in Intune isn&amp;#39;t straightforward but there are PowerShell scripts to help make this easy.</description>
    </item>
    
    <item>
      <title>Deploy HKCU Registry Keys Using Intune</title>
      <link>https://credibledev.com/deploy-hkcu-registry-keys-using-intune/</link>
      <pubDate>Sun, 15 Jan 2023 00:00:00 +0000</pubDate>
      
      <guid>https://credibledev.com/deploy-hkcu-registry-keys-using-intune/</guid>
      <description>Deploying registry keys to the HKCU hive in Intune isn&amp;#39;t straightforward. This guide will show you how to deploy keys to the current user hive.</description>
    </item>
    
    <item>
      <title>PowerShell Force Compliance Baseline Evaluation</title>
      <link>https://credibledev.com/powershell-force-compliance-baseline-evaluation/</link>
      <pubDate>Wed, 03 Mar 2021 00:00:00 +0000</pubDate>
      
      <guid>https://credibledev.com/powershell-force-compliance-baseline-evaluation/</guid>
      <description>Forcing a SCCM compliance rule is easy to do but you may not know how. This guide explains how PowerShell can be used to force this.</description>
    </item>
    
  </channel>
</rss>
