<?xml version="1.0" encoding="utf-8" standalone="yes"?>
<rss version="2.0" xmlns:atom="http://www.w3.org/2005/Atom" xmlns:content="http://purl.org/rss/1.0/modules/content/">
  <channel>
    <title>Tags on credibleDEV</title>
    <link>https://credibledev.com/tags/</link>
    <description>Recent content in Tags on credibleDEV</description>
    <generator>Hugo -- gohugo.io</generator>
    <language>en-us</language>
    <lastBuildDate>Tue, 10 Oct 2023 00:00:00 +0000</lastBuildDate><atom:link href="https://credibledev.com/tags/index.xml" rel="self" type="application/rss+xml" />
    <item>
      <title>homelab</title>
      <link>https://credibledev.com/tags/homelab/</link>
      <pubDate>Tue, 10 Oct 2023 00:00:00 +0000</pubDate>
      
      <guid>https://credibledev.com/tags/homelab/</guid>
      <description></description>
    </item>
    
    <item>
      <title>nas</title>
      <link>https://credibledev.com/tags/nas/</link>
      <pubDate>Tue, 10 Oct 2023 00:00:00 +0000</pubDate>
      
      <guid>https://credibledev.com/tags/nas/</guid>
      <description></description>
    </item>
    
    <item>
      <title>proxmox</title>
      <link>https://credibledev.com/tags/proxmox/</link>
      <pubDate>Tue, 10 Oct 2023 00:00:00 +0000</pubDate>
      
      <guid>https://credibledev.com/tags/proxmox/</guid>
      <description></description>
    </item>
    
    <item>
      <title>synology</title>
      <link>https://credibledev.com/tags/synology/</link>
      <pubDate>Tue, 10 Oct 2023 00:00:00 +0000</pubDate>
      
      <guid>https://credibledev.com/tags/synology/</guid>
      <description></description>
    </item>
    
    <item>
      <title>azure</title>
      <link>https://credibledev.com/tags/azure/</link>
      <pubDate>Fri, 06 Oct 2023 00:00:00 +0000</pubDate>
      
      <guid>https://credibledev.com/tags/azure/</guid>
      <description></description>
    </item>
    
    <item>
      <title>intune</title>
      <link>https://credibledev.com/tags/intune/</link>
      <pubDate>Fri, 06 Oct 2023 00:00:00 +0000</pubDate>
      
      <guid>https://credibledev.com/tags/intune/</guid>
      <description></description>
    </item>
    
    <item>
      <title>nodejs</title>
      <link>https://credibledev.com/tags/nodejs/</link>
      <pubDate>Thu, 05 Oct 2023 00:00:00 +0000</pubDate>
      
      <guid>https://credibledev.com/tags/nodejs/</guid>
      <description></description>
    </item>
    
    <item>
      <title>linux</title>
      <link>https://credibledev.com/tags/linux/</link>
      <pubDate>Thu, 28 Sep 2023 00:00:00 +0000</pubDate>
      
      <guid>https://credibledev.com/tags/linux/</guid>
      <description></description>
    </item>
    
    <item>
      <title>manjaro</title>
      <link>https://credibledev.com/tags/manjaro/</link>
      <pubDate>Thu, 28 Sep 2023 00:00:00 +0000</pubDate>
      
      <guid>https://credibledev.com/tags/manjaro/</guid>
      <description></description>
    </item>
    
    <item>
      <title>obs</title>
      <link>https://credibledev.com/tags/obs/</link>
      <pubDate>Thu, 28 Sep 2023 00:00:00 +0000</pubDate>
      
      <guid>https://credibledev.com/tags/obs/</guid>
      <description></description>
    </item>
    
    <item>
      <title>powershell</title>
      <link>https://credibledev.com/tags/powershell/</link>
      <pubDate>Mon, 20 Mar 2023 00:00:00 +0000</pubDate>
      
      <guid>https://credibledev.com/tags/powershell/</guid>
      <description></description>
    </item>
    
    <item>
      <title>docker</title>
      <link>https://credibledev.com/tags/docker/</link>
      <pubDate>Wed, 08 Mar 2023 00:00:00 +0000</pubDate>
      
      <guid>https://credibledev.com/tags/docker/</guid>
      <description></description>
    </item>
    
    <item>
      <title>fedora</title>
      <link>https://credibledev.com/tags/fedora/</link>
      <pubDate>Mon, 06 Mar 2023 00:00:00 +0000</pubDate>
      
      <guid>https://credibledev.com/tags/fedora/</guid>
      <description></description>
    </item>
    
    <item>
      <title>dns</title>
      <link>https://credibledev.com/tags/dns/</link>
      <pubDate>Wed, 01 Mar 2023 00:00:00 +0000</pubDate>
      
      <guid>https://credibledev.com/tags/dns/</guid>
      <description></description>
    </item>
    
    <item>
      <title>pihole</title>
      <link>https://credibledev.com/tags/pihole/</link>
      <pubDate>Wed, 01 Mar 2023 00:00:00 +0000</pubDate>
      
      <guid>https://credibledev.com/tags/pihole/</guid>
      <description></description>
    </item>
    
    <item>
      <title>xrdp</title>
      <link>https://credibledev.com/tags/xrdp/</link>
      <pubDate>Fri, 24 Feb 2023 00:00:00 +0000</pubDate>
      
      <guid>https://credibledev.com/tags/xrdp/</guid>
      <description></description>
    </item>
    
    <item>
      <title>macos</title>
      <link>https://credibledev.com/tags/macos/</link>
      <pubDate>Tue, 21 Feb 2023 00:00:00 +0000</pubDate>
      
      <guid>https://credibledev.com/tags/macos/</guid>
      <description></description>
    </item>
    
    <item>
      <title>dotnet</title>
      <link>https://credibledev.com/tags/dotnet/</link>
      <pubDate>Mon, 20 Feb 2023 00:00:00 +0000</pubDate>
      
      <guid>https://credibledev.com/tags/dotnet/</guid>
      <description></description>
    </item>
    
    <item>
      <title>bash</title>
      <link>https://credibledev.com/tags/bash/</link>
      <pubDate>Fri, 10 Feb 2023 00:00:00 +0000</pubDate>
      
      <guid>https://credibledev.com/tags/bash/</guid>
      <description></description>
    </item>
    
    <item>
      <title>gcc</title>
      <link>https://credibledev.com/tags/gcc/</link>
      <pubDate>Fri, 03 Feb 2023 00:00:00 +0000</pubDate>
      
      <guid>https://credibledev.com/tags/gcc/</guid>
      <description></description>
    </item>
    
    <item>
      <title>programming</title>
      <link>https://credibledev.com/tags/programming/</link>
      <pubDate>Fri, 03 Feb 2023 00:00:00 +0000</pubDate>
      
      <guid>https://credibledev.com/tags/programming/</guid>
      <description></description>
    </item>
    
    <item>
      <title>endeavouros</title>
      <link>https://credibledev.com/tags/endeavouros/</link>
      <pubDate>Tue, 31 Jan 2023 00:00:00 +0000</pubDate>
      
      <guid>https://credibledev.com/tags/endeavouros/</guid>
      <description></description>
    </item>
    
    <item>
      <title>pacman</title>
      <link>https://credibledev.com/tags/pacman/</link>
      <pubDate>Tue, 31 Jan 2023 00:00:00 +0000</pubDate>
      
      <guid>https://credibledev.com/tags/pacman/</guid>
      <description></description>
    </item>
    
    <item>
      <title>pamac</title>
      <link>https://credibledev.com/tags/pamac/</link>
      <pubDate>Tue, 31 Jan 2023 00:00:00 +0000</pubDate>
      
      <guid>https://credibledev.com/tags/pamac/</guid>
      <description></description>
    </item>
    
    <item>
      <title>y2k38</title>
      <link>https://credibledev.com/tags/y2k38/</link>
      <pubDate>Sun, 29 Jan 2023 00:00:00 +0000</pubDate>
      
      <guid>https://credibledev.com/tags/y2k38/</guid>
      <description></description>
    </item>
    
    <item>
      <title>onedrive</title>
      <link>https://credibledev.com/tags/onedrive/</link>
      <pubDate>Sat, 28 Jan 2023 00:00:00 +0000</pubDate>
      
      <guid>https://credibledev.com/tags/onedrive/</guid>
      <description></description>
    </item>
    
    <item>
      <title>ubuntu</title>
      <link>https://credibledev.com/tags/ubuntu/</link>
      <pubDate>Sat, 28 Jan 2023 00:00:00 +0000</pubDate>
      
      <guid>https://credibledev.com/tags/ubuntu/</guid>
      <description></description>
    </item>
    
    <item>
      <title>flask</title>
      <link>https://credibledev.com/tags/flask/</link>
      <pubDate>Fri, 27 Jan 2023 00:00:00 +0000</pubDate>
      
      <guid>https://credibledev.com/tags/flask/</guid>
      <description></description>
    </item>
    
    <item>
      <title>immutable</title>
      <link>https://credibledev.com/tags/immutable/</link>
      <pubDate>Fri, 27 Jan 2023 00:00:00 +0000</pubDate>
      
      <guid>https://credibledev.com/tags/immutable/</guid>
      <description></description>
    </item>
    
    <item>
      <title>litespeed</title>
      <link>https://credibledev.com/tags/litespeed/</link>
      <pubDate>Fri, 27 Jan 2023 00:00:00 +0000</pubDate>
      
      <guid>https://credibledev.com/tags/litespeed/</guid>
      <description></description>
    </item>
    
    <item>
      <title>python</title>
      <link>https://credibledev.com/tags/python/</link>
      <pubDate>Fri, 27 Jan 2023 00:00:00 +0000</pubDate>
      
      <guid>https://credibledev.com/tags/python/</guid>
      <description></description>
    </item>
    
    <item>
      <title>linode</title>
      <link>https://credibledev.com/tags/linode/</link>
      <pubDate>Wed, 25 Jan 2023 00:00:00 +0000</pubDate>
      
      <guid>https://credibledev.com/tags/linode/</guid>
      <description></description>
    </item>
    
    <item>
      <title>web-hosting</title>
      <link>https://credibledev.com/tags/web-hosting/</link>
      <pubDate>Wed, 25 Jan 2023 00:00:00 +0000</pubDate>
      
      <guid>https://credibledev.com/tags/web-hosting/</guid>
      <description></description>
    </item>
    
    <item>
      <title>wordpress</title>
      <link>https://credibledev.com/tags/wordpress/</link>
      <pubDate>Wed, 25 Jan 2023 00:00:00 +0000</pubDate>
      
      <guid>https://credibledev.com/tags/wordpress/</guid>
      <description></description>
    </item>
    
    <item>
      <title>windows</title>
      <link>https://credibledev.com/tags/windows/</link>
      <pubDate>Sat, 21 Jan 2023 00:00:00 +0000</pubDate>
      
      <guid>https://credibledev.com/tags/windows/</guid>
      <description></description>
    </item>
    
    <item>
      <title>sccm</title>
      <link>https://credibledev.com/tags/sccm/</link>
      <pubDate>Thu, 19 Jan 2023 00:00:00 +0000</pubDate>
      
      <guid>https://credibledev.com/tags/sccm/</guid>
      <description></description>
    </item>
    
    <item>
      <title>flatpak</title>
      <link>https://credibledev.com/tags/flatpak/</link>
      <pubDate>Thu, 12 Jan 2023 00:00:00 +0000</pubDate>
      
      <guid>https://credibledev.com/tags/flatpak/</guid>
      <description></description>
    </item>
    
    <item>
      <title>vnc</title>
      <link>https://credibledev.com/tags/vnc/</link>
      <pubDate>Mon, 09 Jan 2023 00:00:00 +0000</pubDate>
      
      <guid>https://credibledev.com/tags/vnc/</guid>
      <description></description>
    </item>
    
    <item>
      <title>i3</title>
      <link>https://credibledev.com/tags/i3/</link>
      <pubDate>Wed, 28 Dec 2022 00:00:00 +0000</pubDate>
      
      <guid>https://credibledev.com/tags/i3/</guid>
      <description></description>
    </item>
    
    <item>
      <title>i3wm</title>
      <link>https://credibledev.com/tags/i3wm/</link>
      <pubDate>Wed, 28 Dec 2022 00:00:00 +0000</pubDate>
      
      <guid>https://credibledev.com/tags/i3wm/</guid>
      <description></description>
    </item>
    
    <item>
      <title>firewall</title>
      <link>https://credibledev.com/tags/firewall/</link>
      <pubDate>Fri, 16 Dec 2022 00:00:00 +0000</pubDate>
      
      <guid>https://credibledev.com/tags/firewall/</guid>
      <description></description>
    </item>
    
    <item>
      <title>ssh</title>
      <link>https://credibledev.com/tags/ssh/</link>
      <pubDate>Fri, 16 Dec 2022 00:00:00 +0000</pubDate>
      
      <guid>https://credibledev.com/tags/ssh/</guid>
      <description></description>
    </item>
    
    <item>
      <title>vps</title>
      <link>https://credibledev.com/tags/vps/</link>
      <pubDate>Wed, 14 Dec 2022 00:00:00 +0000</pubDate>
      
      <guid>https://credibledev.com/tags/vps/</guid>
      <description></description>
    </item>
    
    <item>
      <title>yubikey</title>
      <link>https://credibledev.com/tags/yubikey/</link>
      <pubDate>Thu, 01 Dec 2022 00:00:00 +0000</pubDate>
      
      <guid>https://credibledev.com/tags/yubikey/</guid>
      <description></description>
    </item>
    
    <item>
      <title>mem</title>
      <link>https://credibledev.com/tags/mem/</link>
      <pubDate>Tue, 08 Nov 2022 00:00:00 +0000</pubDate>
      
      <guid>https://credibledev.com/tags/mem/</guid>
      <description></description>
    </item>
    
    <item>
      <title>domain-controller</title>
      <link>https://credibledev.com/tags/domain-controller/</link>
      <pubDate>Wed, 02 Nov 2022 00:00:00 +0000</pubDate>
      
      <guid>https://credibledev.com/tags/domain-controller/</guid>
      <description></description>
    </item>
    
    <item>
      <title>windows-server</title>
      <link>https://credibledev.com/tags/windows-server/</link>
      <pubDate>Wed, 02 Nov 2022 00:00:00 +0000</pubDate>
      
      <guid>https://credibledev.com/tags/windows-server/</guid>
      <description></description>
    </item>
    
    <item>
      <title>chmod</title>
      <link>https://credibledev.com/tags/chmod/</link>
      <pubDate>Wed, 19 Oct 2022 00:00:00 +0000</pubDate>
      
      <guid>https://credibledev.com/tags/chmod/</guid>
      <description></description>
    </item>
    
    <item>
      <title>tail</title>
      <link>https://credibledev.com/tags/tail/</link>
      <pubDate>Fri, 14 Oct 2022 00:00:00 +0000</pubDate>
      
      <guid>https://credibledev.com/tags/tail/</guid>
      <description></description>
    </item>
    
    <item>
      <title>javascript</title>
      <link>https://credibledev.com/tags/javascript/</link>
      <pubDate>Thu, 13 Oct 2022 00:00:00 +0000</pubDate>
      
      <guid>https://credibledev.com/tags/javascript/</guid>
      <description></description>
    </item>
    
    <item>
      <title>node-js</title>
      <link>https://credibledev.com/tags/node-js/</link>
      <pubDate>Thu, 13 Oct 2022 00:00:00 +0000</pubDate>
      
      <guid>https://credibledev.com/tags/node-js/</guid>
      <description></description>
    </item>
    
    <item>
      <title>vscode</title>
      <link>https://credibledev.com/tags/vscode/</link>
      <pubDate>Thu, 13 Oct 2022 00:00:00 +0000</pubDate>
      
      <guid>https://credibledev.com/tags/vscode/</guid>
      <description></description>
    </item>
    
    <item>
      <title>aur</title>
      <link>https://credibledev.com/tags/aur/</link>
      <pubDate>Tue, 11 Oct 2022 00:00:00 +0000</pubDate>
      
      <guid>https://credibledev.com/tags/aur/</guid>
      <description></description>
    </item>
    
    <item>
      <title>edge</title>
      <link>https://credibledev.com/tags/edge/</link>
      <pubDate>Tue, 11 Oct 2022 00:00:00 +0000</pubDate>
      
      <guid>https://credibledev.com/tags/edge/</guid>
      <description></description>
    </item>
    
    <item>
      <title>expressvpn</title>
      <link>https://credibledev.com/tags/expressvpn/</link>
      <pubDate>Sun, 09 Oct 2022 00:00:00 +0000</pubDate>
      
      <guid>https://credibledev.com/tags/expressvpn/</guid>
      <description></description>
    </item>
    
    <item>
      <title>vpn</title>
      <link>https://credibledev.com/tags/vpn/</link>
      <pubDate>Sun, 09 Oct 2022 00:00:00 +0000</pubDate>
      
      <guid>https://credibledev.com/tags/vpn/</guid>
      <description></description>
    </item>
    
    <item>
      <title>java</title>
      <link>https://credibledev.com/tags/java/</link>
      <pubDate>Sat, 08 Oct 2022 00:00:00 +0000</pubDate>
      
      <guid>https://credibledev.com/tags/java/</guid>
      <description></description>
    </item>
    
    <item>
      <title>visual-studio-code</title>
      <link>https://credibledev.com/tags/visual-studio-code/</link>
      <pubDate>Sat, 08 Oct 2022 00:00:00 +0000</pubDate>
      
      <guid>https://credibledev.com/tags/visual-studio-code/</guid>
      <description></description>
    </item>
    
    <item>
      <title>vs-code</title>
      <link>https://credibledev.com/tags/vs-code/</link>
      <pubDate>Fri, 07 Oct 2022 00:00:00 +0000</pubDate>
      
      <guid>https://credibledev.com/tags/vs-code/</guid>
      <description></description>
    </item>
    
    <item>
      <title>remote</title>
      <link>https://credibledev.com/tags/remote/</link>
      <pubDate>Thu, 06 Oct 2022 00:00:00 +0000</pubDate>
      
      <guid>https://credibledev.com/tags/remote/</guid>
      <description></description>
    </item>
    
    <item>
      <title>tigervnc</title>
      <link>https://credibledev.com/tags/tigervnc/</link>
      <pubDate>Thu, 06 Oct 2022 00:00:00 +0000</pubDate>
      
      <guid>https://credibledev.com/tags/tigervnc/</guid>
      <description></description>
    </item>
    
    <item>
      <title>npm</title>
      <link>https://credibledev.com/tags/npm/</link>
      <pubDate>Mon, 09 May 2022 00:00:00 +0000</pubDate>
      
      <guid>https://credibledev.com/tags/npm/</guid>
      <description></description>
    </item>
    
    <item>
      <title>nvm</title>
      <link>https://credibledev.com/tags/nvm/</link>
      <pubDate>Mon, 09 May 2022 00:00:00 +0000</pubDate>
      
      <guid>https://credibledev.com/tags/nvm/</guid>
      <description></description>
    </item>
    
    <item>
      <title>already-used-error</title>
      <link>https://credibledev.com/tags/already-used-error/</link>
      <pubDate>Thu, 28 Apr 2022 00:00:00 +0000</pubDate>
      
      <guid>https://credibledev.com/tags/already-used-error/</guid>
      <description></description>
    </item>
    
    <item>
      <title>horizon</title>
      <link>https://credibledev.com/tags/horizon/</link>
      <pubDate>Thu, 28 Apr 2022 00:00:00 +0000</pubDate>
      
      <guid>https://credibledev.com/tags/horizon/</guid>
      <description></description>
    </item>
    
    <item>
      <title>vcenter</title>
      <link>https://credibledev.com/tags/vcenter/</link>
      <pubDate>Thu, 28 Apr 2022 00:00:00 +0000</pubDate>
      
      <guid>https://credibledev.com/tags/vcenter/</guid>
      <description></description>
    </item>
    
    <item>
      <title>virtual-machines</title>
      <link>https://credibledev.com/tags/virtual-machines/</link>
      <pubDate>Thu, 28 Apr 2022 00:00:00 +0000</pubDate>
      
      <guid>https://credibledev.com/tags/virtual-machines/</guid>
      <description></description>
    </item>
    
    <item>
      <title>vmware</title>
      <link>https://credibledev.com/tags/vmware/</link>
      <pubDate>Thu, 28 Apr 2022 00:00:00 +0000</pubDate>
      
      <guid>https://credibledev.com/tags/vmware/</guid>
      <description></description>
    </item>
    
    <item>
      <title>error</title>
      <link>https://credibledev.com/tags/error/</link>
      <pubDate>Wed, 24 Nov 2021 00:00:00 +0000</pubDate>
      
      <guid>https://credibledev.com/tags/error/</guid>
      <description></description>
    </item>
    
    <item>
      <title>vdi</title>
      <link>https://credibledev.com/tags/vdi/</link>
      <pubDate>Wed, 24 Nov 2021 00:00:00 +0000</pubDate>
      
      <guid>https://credibledev.com/tags/vdi/</guid>
      <description></description>
    </item>
    
    <item>
      <title>baseline</title>
      <link>https://credibledev.com/tags/baseline/</link>
      <pubDate>Wed, 03 Mar 2021 00:00:00 +0000</pubDate>
      
      <guid>https://credibledev.com/tags/baseline/</guid>
      <description></description>
    </item>
    
    <item>
      <title>command-line</title>
      <link>https://credibledev.com/tags/command-line/</link>
      <pubDate>Wed, 03 Mar 2021 00:00:00 +0000</pubDate>
      
      <guid>https://credibledev.com/tags/command-line/</guid>
      <description></description>
    </item>
    
    <item>
      <title>compliance</title>
      <link>https://credibledev.com/tags/compliance/</link>
      <pubDate>Wed, 03 Mar 2021 00:00:00 +0000</pubDate>
      
      <guid>https://credibledev.com/tags/compliance/</guid>
      <description></description>
    </item>
    
    <item>
      <title>mysql</title>
      <link>https://credibledev.com/tags/mysql/</link>
      <pubDate>Fri, 26 Feb 2021 00:00:00 +0000</pubDate>
      
      <guid>https://credibledev.com/tags/mysql/</guid>
      <description></description>
    </item>
    
    <item>
      <title>virtualenv</title>
      <link>https://credibledev.com/tags/virtualenv/</link>
      <pubDate>Wed, 24 Feb 2021 00:00:00 +0000</pubDate>
      
      <guid>https://credibledev.com/tags/virtualenv/</guid>
      <description></description>
    </item>
    
    <item>
      <title>citrix</title>
      <link>https://credibledev.com/tags/citrix/</link>
      <pubDate>Mon, 22 Feb 2021 00:00:00 +0000</pubDate>
      
      <guid>https://credibledev.com/tags/citrix/</guid>
      <description></description>
    </item>
    
    <item>
      <title>pxe</title>
      <link>https://credibledev.com/tags/pxe/</link>
      <pubDate>Mon, 22 Feb 2021 00:00:00 +0000</pubDate>
      
      <guid>https://credibledev.com/tags/pxe/</guid>
      <description></description>
    </item>
    
    <item>
      <title>scvmm</title>
      <link>https://credibledev.com/tags/scvmm/</link>
      <pubDate>Mon, 22 Feb 2021 00:00:00 +0000</pubDate>
      
      <guid>https://credibledev.com/tags/scvmm/</guid>
      <description></description>
    </item>
    
    <item>
      <title>virtual-machine</title>
      <link>https://credibledev.com/tags/virtual-machine/</link>
      <pubDate>Mon, 22 Feb 2021 00:00:00 +0000</pubDate>
      
      <guid>https://credibledev.com/tags/virtual-machine/</guid>
      <description></description>
    </item>
    
    <item>
      <title>vm</title>
      <link>https://credibledev.com/tags/vm/</link>
      <pubDate>Mon, 22 Feb 2021 00:00:00 +0000</pubDate>
      
      <guid>https://credibledev.com/tags/vm/</guid>
      <description></description>
    </item>
    
  </channel>
</rss>
