<?xml version="1.0" encoding="utf-8" standalone="yes"?>
<rss version="2.0" xmlns:atom="http://www.w3.org/2005/Atom" xmlns:content="http://purl.org/rss/1.0/modules/content/">
  <channel>
    <title>vmware on credibleDEV</title>
    <link>https://credibledev.com/tags/vmware/</link>
    <description>Recent content in vmware on credibleDEV</description>
    <generator>Hugo -- gohugo.io</generator>
    <language>en-us</language>
    <lastBuildDate>Thu, 28 Apr 2022 00:00:00 +0000</lastBuildDate><atom:link href="https://credibledev.com/tags/vmware/index.xml" rel="self" type="application/rss+xml" />
    <item>
      <title>VMware Horizon VM Already Used Status</title>
      <link>https://credibledev.com/vmware-horizon-vm-already-used-status/</link>
      <pubDate>Thu, 28 Apr 2022 00:00:00 +0000</pubDate>
      
      <guid>https://credibledev.com/vmware-horizon-vm-already-used-status/</guid>
      <description>Quickly resolve the error VM Already Used in VMware Horizon with just a few steps.</description>
    </item>
    
    <item>
      <title>VMware Horizon VC_FAULT_FATAL - Name Already Exists Error</title>
      <link>https://credibledev.com/vmware-horizon-vc_fault_fatal-name-already-exists-error/</link>
      <pubDate>Wed, 24 Nov 2021 00:00:00 +0000</pubDate>
      
      <guid>https://credibledev.com/vmware-horizon-vc_fault_fatal-name-already-exists-error/</guid>
      <description>Quickly resolve the error VC_FAULT_FATAL &amp;amp;#x2d; Name Already Exists in VMware Horizon with just a few simple steps.</description>
    </item>
    
  </channel>
</rss>
