<?xml version="1.0" encoding="utf-8" standalone="yes"?>
<rss version="2.0" xmlns:atom="http://www.w3.org/2005/Atom" xmlns:content="http://purl.org/rss/1.0/modules/content/">
  <channel>
    <title>tigervnc on credibleDEV</title>
    <link>https://credibledev.com/tags/tigervnc/</link>
    <description>Recent content in tigervnc on credibleDEV</description>
    <generator>Hugo -- gohugo.io</generator>
    <language>en-us</language>
    <lastBuildDate>Thu, 06 Oct 2022 00:00:00 +0000</lastBuildDate><atom:link href="https://credibledev.com/tags/tigervnc/index.xml" rel="self" type="application/rss+xml" />
    <item>
      <title>Install VNC on Manjaro for Remote Access</title>
      <link>https://credibledev.com/install-vnc-on-manjaro-for-remote-access/</link>
      <pubDate>Thu, 06 Oct 2022 00:00:00 +0000</pubDate>
      
      <guid>https://credibledev.com/install-vnc-on-manjaro-for-remote-access/</guid>
      <description>Quickly install TigerVNC on Manjaro Linux so that you can remotely view and control the desktop from another device, such as Windows using TightVNC.</description>
    </item>
    
  </channel>
</rss>
