<?xml version="1.0" encoding="utf-8" standalone="yes"?>
<rss version="2.0" xmlns:atom="http://www.w3.org/2005/Atom" xmlns:content="http://purl.org/rss/1.0/modules/content/">
  <channel>
    <title>windows-server on credibleDEV</title>
    <link>https://credibledev.com/tags/windows-server/</link>
    <description>Recent content in windows-server on credibleDEV</description>
    <generator>Hugo -- gohugo.io</generator>
    <language>en-us</language>
    <lastBuildDate>Wed, 02 Nov 2022 00:00:00 +0000</lastBuildDate><atom:link href="https://credibledev.com/tags/windows-server/index.xml" rel="self" type="application/rss+xml" />
    <item>
      <title>Quickly Set Up a Windows Domain Controller on Proxmox - 2022 Guide</title>
      <link>https://credibledev.com/set-up-windows-domain-controller-on-proxmox/</link>
      <pubDate>Wed, 02 Nov 2022 00:00:00 +0000</pubDate>
      
      <guid>https://credibledev.com/set-up-windows-domain-controller-on-proxmox/</guid>
      <description>This guide explains how to quickly set up a Windows Domain Controller on Proxmox as a virtual server and join a VM to the domain.</description>
    </item>
    
  </channel>
</rss>
