<?xml version="1.0" encoding="utf-8" standalone="yes"?>
<rss version="2.0" xmlns:atom="http://www.w3.org/2005/Atom" xmlns:content="http://purl.org/rss/1.0/modules/content/">
  <channel>
    <title>expressvpn on credibleDEV</title>
    <link>https://credibledev.com/tags/expressvpn/</link>
    <description>Recent content in expressvpn on credibleDEV</description>
    <generator>Hugo -- gohugo.io</generator>
    <language>en-us</language>
    <lastBuildDate>Sun, 09 Oct 2022 00:00:00 +0000</lastBuildDate><atom:link href="https://credibledev.com/tags/expressvpn/index.xml" rel="self" type="application/rss+xml" />
    <item>
      <title>Install ExpressVPN on Linux</title>
      <link>https://credibledev.com/install-expressvpn-on-manjaro-linux/</link>
      <pubDate>Sun, 09 Oct 2022 00:00:00 +0000</pubDate>
      
      <guid>https://credibledev.com/install-expressvpn-on-manjaro-linux/</guid>
      <description>Learn how to install ExpressVPN on Linux. This works for Ubuntu, PopOS, Linux Mint, Fedora, Arch, Manjaro and other Linux Distributions.</description>
    </item>
    
  </channel>
</rss>
