<?xml version="1.0" encoding="utf-8" standalone="yes"?>
<rss version="2.0" xmlns:atom="http://www.w3.org/2005/Atom" xmlns:content="http://purl.org/rss/1.0/modules/content/">
  <channel>
    <title>flatpak on credibleDEV</title>
    <link>https://credibledev.com/tags/flatpak/</link>
    <description>Recent content in flatpak on credibleDEV</description>
    <generator>Hugo -- gohugo.io</generator>
    <language>en-us</language>
    <lastBuildDate>Thu, 12 Jan 2023 00:00:00 +0000</lastBuildDate><atom:link href="https://credibledev.com/tags/flatpak/index.xml" rel="self" type="application/rss+xml" />
    <item>
      <title>How to Install Flatpak on EndeavourOS, Manjaro and Arch Linux</title>
      <link>https://credibledev.com/install-flatpak-endeavouros-manjaro-arch-linux/</link>
      <pubDate>Thu, 12 Jan 2023 00:00:00 +0000</pubDate>
      
      <guid>https://credibledev.com/install-flatpak-endeavouros-manjaro-arch-linux/</guid>
      <description>Flatpak&amp;#39;s make installing software on Linux a breeze. Today, we discuss how to get started with Flatpak on EndeavourOS, Manjaro and Arch Linux.</description>
    </item>
    
  </channel>
</rss>
