<?xml version="1.0" encoding="utf-8" standalone="yes"?>
<rss version="2.0" xmlns:atom="http://www.w3.org/2005/Atom" xmlns:content="http://purl.org/rss/1.0/modules/content/">
  <channel>
    <title>azure on credibleDEV</title>
    <link>https://credibledev.com/tags/azure/</link>
    <description>Recent content in azure on credibleDEV</description>
    <generator>Hugo -- gohugo.io</generator>
    <language>en-us</language>
    <lastBuildDate>Fri, 06 Oct 2023 00:00:00 +0000</lastBuildDate><atom:link href="https://credibledev.com/tags/azure/index.xml" rel="self" type="application/rss+xml" />
    <item>
      <title>Find Apps and Policies Assigned to Azure AD Groups</title>
      <link>https://credibledev.com/find-apps-and-policies-assigned-to-azure-ad-groups/</link>
      <pubDate>Fri, 06 Oct 2023 00:00:00 +0000</pubDate>
      
      <guid>https://credibledev.com/find-apps-and-policies-assigned-to-azure-ad-groups/</guid>
      <description>This guide explains how you can use the ADAM Tool to find out what apps, profiles, policies, remediations etc. are assigned to an Azure AD group.</description>
    </item>
    
    <item>
      <title>Intune Hardware Hash Import During Task Sequence</title>
      <link>https://credibledev.com/intune-hardware-hash-import-during-task-sequence/</link>
      <pubDate>Thu, 19 Jan 2023 00:00:00 +0000</pubDate>
      
      <guid>https://credibledev.com/intune-hardware-hash-import-during-task-sequence/</guid>
      <description>Easily collect and import the Intune device hardware hash using an SCCM task sequence while deploying Windows 10.</description>
    </item>
    
  </channel>
</rss>
