<?xml version="1.0" encoding="utf-8" standalone="yes"?>
<rss version="2.0" xmlns:atom="http://www.w3.org/2005/Atom" xmlns:content="http://purl.org/rss/1.0/modules/content/">
  <channel>
    <title>command-line on credibleDEV</title>
    <link>https://credibledev.com/tags/command-line/</link>
    <description>Recent content in command-line on credibleDEV</description>
    <generator>Hugo -- gohugo.io</generator>
    <language>en-us</language>
    <lastBuildDate>Wed, 03 Mar 2021 00:00:00 +0000</lastBuildDate><atom:link href="https://credibledev.com/tags/command-line/index.xml" rel="self" type="application/rss+xml" />
    <item>
      <title>PowerShell Force Compliance Baseline Evaluation</title>
      <link>https://credibledev.com/powershell-force-compliance-baseline-evaluation/</link>
      <pubDate>Wed, 03 Mar 2021 00:00:00 +0000</pubDate>
      
      <guid>https://credibledev.com/powershell-force-compliance-baseline-evaluation/</guid>
      <description>Forcing a SCCM compliance rule is easy to do but you may not know how. This guide explains how PowerShell can be used to force this.</description>
    </item>
    
  </channel>
</rss>
