<?xml version="1.0" encoding="utf-8" standalone="yes"?>
<rss version="2.0" xmlns:atom="http://www.w3.org/2005/Atom" xmlns:content="http://purl.org/rss/1.0/modules/content/">
  <channel>
    <title>immutable on credibleDEV</title>
    <link>https://credibledev.com/tags/immutable/</link>
    <description>Recent content in immutable on credibleDEV</description>
    <generator>Hugo -- gohugo.io</generator>
    <language>en-us</language>
    <lastBuildDate>Fri, 27 Jan 2023 00:00:00 +0000</lastBuildDate><atom:link href="https://credibledev.com/tags/immutable/index.xml" rel="self" type="application/rss+xml" />
    <item>
      <title>What is an Immutable OS?</title>
      <link>https://credibledev.com/what-is-an-immutable-os/</link>
      <pubDate>Fri, 27 Jan 2023 00:00:00 +0000</pubDate>
      
      <guid>https://credibledev.com/what-is-an-immutable-os/</guid>
      <description>Learn what an Immutable OS is, along with their benefits, drawbacks and possible use cases.</description>
    </item>
    
  </channel>
</rss>
