<?xml version="1.0" encoding="utf-8" standalone="yes"?>
<rss version="2.0" xmlns:atom="http://www.w3.org/2005/Atom" xmlns:content="http://purl.org/rss/1.0/modules/content/">
  <channel>
    <title>home-lab on credibleDEV</title>
    <link>https://credibledev.com/categories/home-lab/</link>
    <description>Recent content in home-lab on credibleDEV</description>
    <generator>Hugo -- gohugo.io</generator>
    <language>en-us</language>
    <lastBuildDate>Sun, 22 Oct 2023 00:00:00 +0000</lastBuildDate><atom:link href="https://credibledev.com/categories/home-lab/index.xml" rel="self" type="application/rss+xml" />
    <item>
      <title>5 Steps To Succeed In Your First IT Job</title>
      <link>https://credibledev.com/5-steps-to-succeed-in-your-first-it-job/</link>
      <pubDate>Sun, 22 Oct 2023 00:00:00 +0000</pubDate>
      
      <guid>https://credibledev.com/5-steps-to-succeed-in-your-first-it-job/</guid>
      <description>This article provides you with strategies and tips on how to succeed and excel in your first IT job that you can start using immediately.</description>
    </item>
    
    <item>
      <title>Import VirtualBox and Virt Manager VMs to Proxmox</title>
      <link>https://credibledev.com/import-virtualbox-and-virt-manager-vms-to-proxmox/</link>
      <pubDate>Fri, 10 Mar 2023 00:00:00 +0000</pubDate>
      
      <guid>https://credibledev.com/import-virtualbox-and-virt-manager-vms-to-proxmox/</guid>
      <description>This guide explains how to import existing VirtualBox and Virt Manager VM&amp;#39;s into Proxmox without any data loss.</description>
    </item>
    
    <item>
      <title>Install Docker and Portainer on Proxmox</title>
      <link>https://credibledev.com/install-docker-and-portainer-on-proxmox/</link>
      <pubDate>Wed, 08 Mar 2023 00:00:00 +0000</pubDate>
      
      <guid>https://credibledev.com/install-docker-and-portainer-on-proxmox/</guid>
      <description>Learn how to install Docker on Proxmox and use Portainer to easily manager your Docker instance and containers.</description>
    </item>
    
    <item>
      <title>Install Pi-hole on a Proxmox Ubuntu Container</title>
      <link>https://credibledev.com/install-pihole-on-a-proxmox-ubuntu-container/</link>
      <pubDate>Wed, 01 Mar 2023 00:00:00 +0000</pubDate>
      
      <guid>https://credibledev.com/install-pihole-on-a-proxmox-ubuntu-container/</guid>
      <description>This guide will walk you through each step to install Pi-hole on a Promox container and configure your network to use Pi-hole DNS.</description>
    </item>
    
    <item>
      <title>Setup XRDP on a Fedora VM for Remote Desktop</title>
      <link>https://credibledev.com/setup-xrdp-on-a-fedora-vm-for-remote-desktop/</link>
      <pubDate>Fri, 24 Feb 2023 00:00:00 +0000</pubDate>
      
      <guid>https://credibledev.com/setup-xrdp-on-a-fedora-vm-for-remote-desktop/</guid>
      <description>This guide walks you through how to set up XRDP on Fedora 37 and use Remmina for the remote desktop connection from Linux.</description>
    </item>
    
    <item>
      <title>How to Create a Ubuntu 22.10 VM on Proxmox</title>
      <link>https://credibledev.com/creating-a-ubuntu-vm-on-proxmox/</link>
      <pubDate>Thu, 05 Jan 2023 00:00:00 +0000</pubDate>
      
      <guid>https://credibledev.com/creating-a-ubuntu-vm-on-proxmox/</guid>
      <description>Learn how to quickly setup and use a Ubuntu Linux Virtual Machine using the free and opensource Proxmox Hypervisor.</description>
    </item>
    
    <item>
      <title>Quickly Set Up a Windows Domain Controller on Proxmox - 2022 Guide</title>
      <link>https://credibledev.com/set-up-windows-domain-controller-on-proxmox/</link>
      <pubDate>Wed, 02 Nov 2022 00:00:00 +0000</pubDate>
      
      <guid>https://credibledev.com/set-up-windows-domain-controller-on-proxmox/</guid>
      <description>This guide explains how to quickly set up a Windows Domain Controller on Proxmox as a virtual server and join a VM to the domain.</description>
    </item>
    
  </channel>
</rss>
