<?xml version="1.0" encoding="utf-8" standalone="yes"?>
<rss version="2.0" xmlns:atom="http://www.w3.org/2005/Atom" xmlns:content="http://purl.org/rss/1.0/modules/content/">
  <channel>
    <title>windows on credibleDEV</title>
    <link>https://credibledev.com/tags/windows/</link>
    <description>Recent content in windows on credibleDEV</description>
    <generator>Hugo -- gohugo.io</generator>
    <language>en-us</language>
    <lastBuildDate>Sat, 21 Jan 2023 00:00:00 +0000</lastBuildDate><atom:link href="https://credibledev.com/tags/windows/index.xml" rel="self" type="application/rss+xml" />
    <item>
      <title>Managed Desktop Icons and Shortcuts in Intune</title>
      <link>https://credibledev.com/managed-desktop-icons-and-shortcuts-in-intune/</link>
      <pubDate>Sat, 21 Jan 2023 00:00:00 +0000</pubDate>
      
      <guid>https://credibledev.com/managed-desktop-icons-and-shortcuts-in-intune/</guid>
      <description>Managing desktop icons and shortcuts in Intune isn&amp;#39;t straightforward but there are PowerShell scripts to help make this easy.</description>
    </item>
    
  </channel>
</rss>
