<?xml version="1.0" encoding="utf-8" standalone="yes"?>
<rss version="2.0" xmlns:atom="http://www.w3.org/2005/Atom" xmlns:content="http://purl.org/rss/1.0/modules/content/">
  <channel>
    <title>onedrive on credibleDEV</title>
    <link>https://credibledev.com/tags/onedrive/</link>
    <description>Recent content in onedrive on credibleDEV</description>
    <generator>Hugo -- gohugo.io</generator>
    <language>en-us</language>
    <lastBuildDate>Sat, 28 Jan 2023 00:00:00 +0000</lastBuildDate><atom:link href="https://credibledev.com/tags/onedrive/index.xml" rel="self" type="application/rss+xml" />
    <item>
      <title>Install OneDrive GUI on Ubuntu</title>
      <link>https://credibledev.com/install-onedrive-gui-on-ubuntu/</link>
      <pubDate>Sat, 28 Jan 2023 00:00:00 +0000</pubDate>
      
      <guid>https://credibledev.com/install-onedrive-gui-on-ubuntu/</guid>
      <description>Learn how to install and setup OneDrive on Ubuntu Linux using a console app and also a OneDrive GUI application.</description>
    </item>
    
    <item>
      <title>Install OneDrive for Linux - Manjaro Edition</title>
      <link>https://credibledev.com/onedrive-for-linux/</link>
      <pubDate>Tue, 20 Dec 2022 00:00:00 +0000</pubDate>
      
      <guid>https://credibledev.com/onedrive-for-linux/</guid>
      <description>OneDrive is a great backup and cloud storage service. In this post we show you how to install OneDrive on Manjaro Linux.</description>
    </item>
    
  </channel>
</rss>
