<?xml version="1.0" encoding="utf-8" standalone="yes"?>
<rss version="2.0" xmlns:atom="http://www.w3.org/2005/Atom" xmlns:content="http://purl.org/rss/1.0/modules/content/">
  <channel>
    <title>manjaro on credibleDEV</title>
    <link>https://credibledev.com/categories/manjaro/</link>
    <description>Recent content in manjaro on credibleDEV</description>
    <generator>Hugo -- gohugo.io</generator>
    <language>en-us</language>
    <lastBuildDate>Thu, 28 Sep 2023 00:00:00 +0000</lastBuildDate><atom:link href="https://credibledev.com/categories/manjaro/index.xml" rel="self" type="application/rss+xml" />
    <item>
      <title>Fix OBS Studio Black Screen on Manjaro GNOME Edition</title>
      <link>https://credibledev.com/fix-obs-studio-black-screen-on-manjaro-gnome-edition/</link>
      <pubDate>Thu, 28 Sep 2023 00:00:00 +0000</pubDate>
      
      <guid>https://credibledev.com/fix-obs-studio-black-screen-on-manjaro-gnome-edition/</guid>
      <description>Running OBS Studio on a fresh Manjaro GNOME install may result in a black screen. Here is a simple solution to fix a OBS black screen issue.</description>
    </item>
    
    <item>
      <title>Mac OSX on Manjaro Linux Made Easy With Docker</title>
      <link>https://credibledev.com/mac-osx-on-manjaro-linux-made-easy-with-docker/</link>
      <pubDate>Tue, 21 Feb 2023 00:00:00 +0000</pubDate>
      
      <guid>https://credibledev.com/mac-osx-on-manjaro-linux-made-easy-with-docker/</guid>
      <description>You can run macOS on Manjaro and other Linux distributions easily with Docker for testing and development work.</description>
    </item>
    
    <item>
      <title>Install Plex Media Server on Manjaro Linux</title>
      <link>https://credibledev.com/install-plex-media-server-on-manjaro-linux/</link>
      <pubDate>Wed, 15 Feb 2023 00:00:00 +0000</pubDate>
      
      <guid>https://credibledev.com/install-plex-media-server-on-manjaro-linux/</guid>
      <description>Install the popular media server Plex on Manjaro Linux and configure the proper permissions so Plex can access and stream your content.</description>
    </item>
    
    <item>
      <title>8 Things to Do After Installing Manjaro Linux</title>
      <link>https://credibledev.com/8-things-to-do-after-installing-manjaro-linux/</link>
      <pubDate>Sat, 11 Feb 2023 00:00:00 +0000</pubDate>
      
      <guid>https://credibledev.com/8-things-to-do-after-installing-manjaro-linux/</guid>
      <description>After installing Manjaro Linux, there are things you must do like updating, setup backups, install fonts, firewall and software.</description>
    </item>
    
    <item>
      <title>Manjaro vs Ubuntu - Rolling Better than LTS?</title>
      <link>https://credibledev.com/manjaro-vs-ubuntu-rolling-better-than-lts/</link>
      <pubDate>Tue, 07 Feb 2023 00:00:00 +0000</pubDate>
      
      <guid>https://credibledev.com/manjaro-vs-ubuntu-rolling-better-than-lts/</guid>
      <description>Comparing Ubuntu and Manjaro may seem unfair, given how long Ubuntu has been around. Both share things in common but have major differences to</description>
    </item>
    
    <item>
      <title>How to Enable the AUR on Manjaro Linux</title>
      <link>https://credibledev.com/how-to-enable-the-aur-on-manjaro-linux/</link>
      <pubDate>Mon, 30 Jan 2023 00:00:00 +0000</pubDate>
      
      <guid>https://credibledev.com/how-to-enable-the-aur-on-manjaro-linux/</guid>
      <description>The AUR is one of the most popular reasons for Linux users to run an Arch&amp;amp;#x2d;Based Linux Distribution. This guide explains how to enable the AUR on Manjaro.</description>
    </item>
    
    <item>
      <title>Setup Docker on Manjaro Linux</title>
      <link>https://credibledev.com/setup-docker-on-manjaro-linux/</link>
      <pubDate>Sat, 14 Jan 2023 00:00:00 +0000</pubDate>
      
      <guid>https://credibledev.com/setup-docker-on-manjaro-linux/</guid>
      <description>Installing Docker on Manjaro Linux and other Arch based distros is pretty simple. This quick guide will help you setup and use Docker.</description>
    </item>
    
    <item>
      <title>How to Install Flatpak on EndeavourOS, Manjaro and Arch Linux</title>
      <link>https://credibledev.com/install-flatpak-endeavouros-manjaro-arch-linux/</link>
      <pubDate>Thu, 12 Jan 2023 00:00:00 +0000</pubDate>
      
      <guid>https://credibledev.com/install-flatpak-endeavouros-manjaro-arch-linux/</guid>
      <description>Flatpak&amp;#39;s make installing software on Linux a breeze. Today, we discuss how to get started with Flatpak on EndeavourOS, Manjaro and Arch Linux.</description>
    </item>
    
    <item>
      <title>11 Ways to Use Pacman on Manjaro Linux</title>
      <link>https://credibledev.com/how-to-use-pacman-on-manjaro-linux/</link>
      <pubDate>Tue, 03 Jan 2023 00:00:00 +0000</pubDate>
      
      <guid>https://credibledev.com/how-to-use-pacman-on-manjaro-linux/</guid>
      <description>Pacman is the core package manager for arch based Linux distros like Manjaro. Learn how to use pacman to manage software on your Linux pc.</description>
    </item>
    
    <item>
      <title>Spectacle: The Best Manjaro Screenshot Utility</title>
      <link>https://credibledev.com/spectacle-the-best-manjaro-screenshot-utility/</link>
      <pubDate>Fri, 30 Dec 2022 00:00:00 +0000</pubDate>
      
      <guid>https://credibledev.com/spectacle-the-best-manjaro-screenshot-utility/</guid>
      <description>Spectacle is hands down the best screenshot utility for Linux. I use it on Manjaro Linux for all of my blog posts and documentation.</description>
    </item>
    
    <item>
      <title>Manjaro i3 Window Manager Tips</title>
      <link>https://credibledev.com/manjaro-i3-window-manager-tips/</link>
      <pubDate>Wed, 28 Dec 2022 00:00:00 +0000</pubDate>
      
      <guid>https://credibledev.com/manjaro-i3-window-manager-tips/</guid>
      <description>Setting up the Manjaro i3 window manager can be a journey. I&amp;#39;m sharing some tips to help you on your adventure into the i3 tiling window manager.</description>
    </item>
    
    <item>
      <title>Install OneDrive for Linux - Manjaro Edition</title>
      <link>https://credibledev.com/onedrive-for-linux/</link>
      <pubDate>Tue, 20 Dec 2022 00:00:00 +0000</pubDate>
      
      <guid>https://credibledev.com/onedrive-for-linux/</guid>
      <description>OneDrive is a great backup and cloud storage service. In this post we show you how to install OneDrive on Manjaro Linux.</description>
    </item>
    
    <item>
      <title>My 6 Favorite Manjaro Apps</title>
      <link>https://credibledev.com/favorite-manjaro-apps/</link>
      <pubDate>Mon, 19 Dec 2022 00:00:00 +0000</pubDate>
      
      <guid>https://credibledev.com/favorite-manjaro-apps/</guid>
      <description>After using Linux for quite some time, I&amp;#39;ve created a list of my favorite Manjaro apps. These are apps I use often and make Linux more enjoyable.</description>
    </item>
    
    <item>
      <title>Easy Setup Yubikey on Manjaro Linux</title>
      <link>https://credibledev.com/easy-setup-yubikey-on-manjaro-linux/</link>
      <pubDate>Thu, 01 Dec 2022 00:00:00 +0000</pubDate>
      
      <guid>https://credibledev.com/easy-setup-yubikey-on-manjaro-linux/</guid>
      <description>Easy steps to setup Yubikey on Manjaro Linux for sudo, login and other authentication prompts on your Manjaro install.</description>
    </item>
    
    <item>
      <title>How to Install Edge on Manjaro</title>
      <link>https://credibledev.com/how-to-install-edge-on-manjaro/</link>
      <pubDate>Tue, 11 Oct 2022 00:00:00 +0000</pubDate>
      
      <guid>https://credibledev.com/how-to-install-edge-on-manjaro/</guid>
      <description>Quick guide on how to install Edge on Manjaro Linux. Edge is a popular browser based on Chromium and created by Microsoft.</description>
    </item>
    
    <item>
      <title>Install ExpressVPN on Linux</title>
      <link>https://credibledev.com/install-expressvpn-on-manjaro-linux/</link>
      <pubDate>Sun, 09 Oct 2022 00:00:00 +0000</pubDate>
      
      <guid>https://credibledev.com/install-expressvpn-on-manjaro-linux/</guid>
      <description>Learn how to install ExpressVPN on Linux. This works for Ubuntu, PopOS, Linux Mint, Fedora, Arch, Manjaro and other Linux Distributions.</description>
    </item>
    
    <item>
      <title>Install Java for VS Code on Manjaro Linux</title>
      <link>https://credibledev.com/install-java-for-vs-code-on-manjaro-linux/</link>
      <pubDate>Sat, 08 Oct 2022 00:00:00 +0000</pubDate>
      
      <guid>https://credibledev.com/install-java-for-vs-code-on-manjaro-linux/</guid>
      <description>This guide walks you through how to install Java for VS code on Manjaro Linux using the pacman package manager.</description>
    </item>
    
    <item>
      <title>Install VSCode on Manjaro Linux</title>
      <link>https://credibledev.com/install-vs-code-on-manjaro-linux/</link>
      <pubDate>Fri, 07 Oct 2022 00:00:00 +0000</pubDate>
      
      <guid>https://credibledev.com/install-vs-code-on-manjaro-linux/</guid>
      <description>This guide walks you through how to quickly install VS code on Manjaro Linux using the Snap package manager.</description>
    </item>
    
    <item>
      <title>Install VNC on Manjaro for Remote Access</title>
      <link>https://credibledev.com/install-vnc-on-manjaro-for-remote-access/</link>
      <pubDate>Thu, 06 Oct 2022 00:00:00 +0000</pubDate>
      
      <guid>https://credibledev.com/install-vnc-on-manjaro-for-remote-access/</guid>
      <description>Quickly install TigerVNC on Manjaro Linux so that you can remotely view and control the desktop from another device, such as Windows using TightVNC.</description>
    </item>
    
    <item>
      <title>Install NodeJS on Manjaro Linux - 2023 Update</title>
      <link>https://credibledev.com/how-to-install-nodejs-on-manjaro-linux/</link>
      <pubDate>Mon, 09 May 2022 00:00:00 +0000</pubDate>
      
      <guid>https://credibledev.com/how-to-install-nodejs-on-manjaro-linux/</guid>
      <description>How to install NodeJS on Manjaro Linux. This guide walks you through the steps to install NodeJS to get your next code project started.</description>
    </item>
    
  </channel>
</rss>
