<?xml version="1.0" encoding="utf-8" standalone="yes"?>
<rss version="2.0" xmlns:atom="http://www.w3.org/2005/Atom" xmlns:content="http://purl.org/rss/1.0/modules/content/">
  <channel>
    <title>vdi on credibleDEV</title>
    <link>https://credibledev.com/tags/vdi/</link>
    <description>Recent content in vdi on credibleDEV</description>
    <generator>Hugo -- gohugo.io</generator>
    <language>en-us</language>
    <lastBuildDate>Wed, 24 Nov 2021 00:00:00 +0000</lastBuildDate><atom:link href="https://credibledev.com/tags/vdi/index.xml" rel="self" type="application/rss+xml" />
    <item>
      <title>VMware Horizon VC_FAULT_FATAL - Name Already Exists Error</title>
      <link>https://credibledev.com/vmware-horizon-vc_fault_fatal-name-already-exists-error/</link>
      <pubDate>Wed, 24 Nov 2021 00:00:00 +0000</pubDate>
      
      <guid>https://credibledev.com/vmware-horizon-vc_fault_fatal-name-already-exists-error/</guid>
      <description>Quickly resolve the error VC_FAULT_FATAL &amp;amp;#x2d; Name Already Exists in VMware Horizon with just a few simple steps.</description>
    </item>
    
  </channel>
</rss>
