<?xml version="1.0" encoding="utf-8" standalone="yes"?>
<rss version="2.0" xmlns:atom="http://www.w3.org/2005/Atom" xmlns:content="http://purl.org/rss/1.0/modules/content/">
  <channel>
    <title>citrix on credibleDEV</title>
    <link>https://credibledev.com/tags/citrix/</link>
    <description>Recent content in citrix on credibleDEV</description>
    <generator>Hugo -- gohugo.io</generator>
    <language>en-us</language>
    <lastBuildDate>Mon, 22 Feb 2021 00:00:00 +0000</lastBuildDate><atom:link href="https://credibledev.com/tags/citrix/index.xml" rel="self" type="application/rss+xml" />
    <item>
      <title>SCVMM Gen2 VM Change Boot Order</title>
      <link>https://credibledev.com/scvmm-gen2-vm-change-boot-order/</link>
      <pubDate>Mon, 22 Feb 2021 00:00:00 +0000</pubDate>
      
      <guid>https://credibledev.com/scvmm-gen2-vm-change-boot-order/</guid>
      <description>How to change boot order for a Gen2 VM in SCVMM. Allowing you to network boot a Gen2 VM for PXE booting.</description>
    </item>
    
  </channel>
</rss>
