<?xml version="1.0" encoding="utf-8" standalone="yes"?>
<rss version="2.0" xmlns:atom="http://www.w3.org/2005/Atom" xmlns:content="http://purl.org/rss/1.0/modules/content/">
  <channel>
    <title>xrdp on credibleDEV</title>
    <link>https://credibledev.com/tags/xrdp/</link>
    <description>Recent content in xrdp on credibleDEV</description>
    <generator>Hugo -- gohugo.io</generator>
    <language>en-us</language>
    <lastBuildDate>Fri, 24 Feb 2023 00:00:00 +0000</lastBuildDate><atom:link href="https://credibledev.com/tags/xrdp/index.xml" rel="self" type="application/rss+xml" />
    <item>
      <title>Setup XRDP on a Fedora VM for Remote Desktop</title>
      <link>https://credibledev.com/setup-xrdp-on-a-fedora-vm-for-remote-desktop/</link>
      <pubDate>Fri, 24 Feb 2023 00:00:00 +0000</pubDate>
      
      <guid>https://credibledev.com/setup-xrdp-on-a-fedora-vm-for-remote-desktop/</guid>
      <description>This guide walks you through how to set up XRDP on Fedora 37 and use Remmina for the remote desktop connection from Linux.</description>
    </item>
    
    <item>
      <title>XRDP and VNC: Which is the Better Remote Desktop</title>
      <link>https://credibledev.com/xrdp-and-vnc-which-is-the-better-remote-desktop/</link>
      <pubDate>Mon, 09 Jan 2023 00:00:00 +0000</pubDate>
      
      <guid>https://credibledev.com/xrdp-and-vnc-which-is-the-better-remote-desktop/</guid>
      <description>XRDP and VNC are both popular remote desktop protocols that allow users to remotely connect to and control a computer from a different device.</description>
    </item>
    
  </channel>
</rss>
