<?xml version="1.0" encoding="utf-8" standalone="yes"?>
<rss version="2.0" xmlns:atom="http://www.w3.org/2005/Atom" xmlns:content="http://purl.org/rss/1.0/modules/content/">
  <channel>
    <title>nas on credibleDEV</title>
    <link>https://credibledev.com/tags/nas/</link>
    <description>Recent content in nas on credibleDEV</description>
    <generator>Hugo -- gohugo.io</generator>
    <language>en-us</language>
    <lastBuildDate>Tue, 10 Oct 2023 00:00:00 +0000</lastBuildDate><atom:link href="https://credibledev.com/tags/nas/index.xml" rel="self" type="application/rss+xml" />
    <item>
      <title>How to Install Synology NAS on Proxmox</title>
      <link>https://credibledev.com/how-to-install-synology-nas-on-proxmox/</link>
      <pubDate>Tue, 10 Oct 2023 00:00:00 +0000</pubDate>
      
      <guid>https://credibledev.com/how-to-install-synology-nas-on-proxmox/</guid>
      <description>This guide will walk you through setting up a Synology NAS on your Proxmox server at home.</description>
    </item>
    
  </channel>
</rss>
