<?xml version="1.0" encoding="utf-8" standalone="yes"?>
<rss version="2.0" xmlns:atom="http://www.w3.org/2005/Atom" xmlns:content="http://purl.org/rss/1.0/modules/content/">
  <channel>
    <title>chmod on credibleDEV</title>
    <link>https://credibledev.com/tags/chmod/</link>
    <description>Recent content in chmod on credibleDEV</description>
    <generator>Hugo -- gohugo.io</generator>
    <language>en-us</language>
    <lastBuildDate>Wed, 19 Oct 2022 00:00:00 +0000</lastBuildDate><atom:link href="https://credibledev.com/tags/chmod/index.xml" rel="self" type="application/rss+xml" />
    <item>
      <title>chmod Syntax in Linux Explained</title>
      <link>https://credibledev.com/chmod-syntax-in-linux/</link>
      <pubDate>Wed, 19 Oct 2022 00:00:00 +0000</pubDate>
      
      <guid>https://credibledev.com/chmod-syntax-in-linux/</guid>
      <description>Quickly learn the proper chmod syntax to use for file permissions on your Linux system. Chmod is a power permission management app for Linux.</description>
    </item>
    
  </channel>
</rss>
