<?xml version="1.0" encoding="utf-8" standalone="yes"?>
<rss version="2.0" xmlns:atom="http://www.w3.org/2005/Atom" xmlns:content="http://purl.org/rss/1.0/modules/content/">
  <channel>
    <title>edge on credibleDEV</title>
    <link>https://credibledev.com/tags/edge/</link>
    <description>Recent content in edge on credibleDEV</description>
    <generator>Hugo -- gohugo.io</generator>
    <language>en-us</language>
    <lastBuildDate>Tue, 11 Oct 2022 00:00:00 +0000</lastBuildDate><atom:link href="https://credibledev.com/tags/edge/index.xml" rel="self" type="application/rss+xml" />
    <item>
      <title>How to Install Edge on Manjaro</title>
      <link>https://credibledev.com/how-to-install-edge-on-manjaro/</link>
      <pubDate>Tue, 11 Oct 2022 00:00:00 +0000</pubDate>
      
      <guid>https://credibledev.com/how-to-install-edge-on-manjaro/</guid>
      <description>Quick guide on how to install Edge on Manjaro Linux. Edge is a popular browser based on Chromium and created by Microsoft.</description>
    </item>
    
  </channel>
</rss>
