<?xml version="1.0" encoding="utf-8" standalone="yes"?>
<rss version="2.0" xmlns:atom="http://www.w3.org/2005/Atom" xmlns:content="http://purl.org/rss/1.0/modules/content/">
  <channel>
    <title>firewall on credibleDEV</title>
    <link>https://credibledev.com/tags/firewall/</link>
    <description>Recent content in firewall on credibleDEV</description>
    <generator>Hugo -- gohugo.io</generator>
    <language>en-us</language>
    <lastBuildDate>Fri, 16 Dec 2022 00:00:00 +0000</lastBuildDate><atom:link href="https://credibledev.com/tags/firewall/index.xml" rel="self" type="application/rss+xml" />
    <item>
      <title>Create a Linode Linux VPS Part 2 – 2022 Quickstart Guide</title>
      <link>https://credibledev.com/create-a-linode-linux-vps-part-2/</link>
      <pubDate>Fri, 16 Dec 2022 00:00:00 +0000</pubDate>
      
      <guid>https://credibledev.com/create-a-linode-linux-vps-part-2/</guid>
      <description>In Part 2 of Creating a Linode Linux VPS, we setup add a new user, setup SSH keys and configure the Ubuntu and Linode firewalls for security.</description>
    </item>
    
  </channel>
</rss>
