<?xml version="1.0" encoding="utf-8" standalone="yes"?>
<rss version="2.0" xmlns:atom="http://www.w3.org/2005/Atom" xmlns:content="http://purl.org/rss/1.0/modules/content/">
  <channel>
    <title>dotnet-programming on credibleDEV</title>
    <link>https://credibledev.com/categories/dotnet-programming/</link>
    <description>Recent content in dotnet-programming on credibleDEV</description>
    <generator>Hugo -- gohugo.io</generator>
    <language>en-us</language>
    <lastBuildDate>Mon, 20 Feb 2023 00:00:00 +0000</lastBuildDate><atom:link href="https://credibledev.com/categories/dotnet-programming/index.xml" rel="self" type="application/rss+xml" />
    <item>
      <title>Install JetBrains Rider for C# on Linux</title>
      <link>https://credibledev.com/install-jetbrains-rider-for-c-on-linux/</link>
      <pubDate>Mon, 20 Feb 2023 00:00:00 +0000</pubDate>
      
      <guid>https://credibledev.com/install-jetbrains-rider-for-c-on-linux/</guid>
      <description>JetBrains Rider is an excellent IDE to get started coding C# .NET Applications for all Linux distributions.</description>
    </item>
    
    <item>
      <title>Linux C# .NET GUI App Using Avalonia UI</title>
      <link>https://credibledev.com/linux-c-net-gui-app-using-avalonia-ui/</link>
      <pubDate>Mon, 20 Feb 2023 00:00:00 +0000</pubDate>
      
      <guid>https://credibledev.com/linux-c-net-gui-app-using-avalonia-ui/</guid>
      <description>Quickly get up and running building your first Linux GUI app using C#, .NET, Avalonia UI and Rider.</description>
    </item>
    
    <item>
      <title>Easily Install dotNet In Linux - 2023 Guide</title>
      <link>https://credibledev.com/dotnet-in-linux/</link>
      <pubDate>Fri, 21 Oct 2022 00:00:00 +0000</pubDate>
      
      <guid>https://credibledev.com/dotnet-in-linux/</guid>
      <description>Get started developing for dotnet in Linux with this simple Guide. Setup dotnet in VSCode for Linux and write your first C# app.</description>
    </item>
    
  </channel>
</rss>
