<?xml version="1.0" encoding="utf-8" standalone="yes"?>
<rss version="2.0" xmlns:atom="http://www.w3.org/2005/Atom" xmlns:content="http://purl.org/rss/1.0/modules/content/">
  <channel>
    <title>Categories on credibleDEV</title>
    <link>https://credibledev.com/categories/</link>
    <description>Recent content in Categories on credibleDEV</description>
    <generator>Hugo -- gohugo.io</generator>
    <language>en-us</language>
    <lastBuildDate>Sun, 22 Oct 2023 00:00:00 +0000</lastBuildDate><atom:link href="https://credibledev.com/categories/index.xml" rel="self" type="application/rss+xml" />
    <item>
      <title>career</title>
      <link>https://credibledev.com/categories/career/</link>
      <pubDate>Sun, 22 Oct 2023 00:00:00 +0000</pubDate>
      
      <guid>https://credibledev.com/categories/career/</guid>
      <description></description>
    </item>
    
    <item>
      <title>home-lab</title>
      <link>https://credibledev.com/categories/home-lab/</link>
      <pubDate>Sun, 22 Oct 2023 00:00:00 +0000</pubDate>
      
      <guid>https://credibledev.com/categories/home-lab/</guid>
      <description></description>
    </item>
    
    <item>
      <title>homelab</title>
      <link>https://credibledev.com/categories/homelab/</link>
      <pubDate>Tue, 10 Oct 2023 00:00:00 +0000</pubDate>
      
      <guid>https://credibledev.com/categories/homelab/</guid>
      <description></description>
    </item>
    
    <item>
      <title>proxmox</title>
      <link>https://credibledev.com/categories/proxmox/</link>
      <pubDate>Tue, 10 Oct 2023 00:00:00 +0000</pubDate>
      
      <guid>https://credibledev.com/categories/proxmox/</guid>
      <description></description>
    </item>
    
    <item>
      <title>azure</title>
      <link>https://credibledev.com/categories/azure/</link>
      <pubDate>Fri, 06 Oct 2023 00:00:00 +0000</pubDate>
      
      <guid>https://credibledev.com/categories/azure/</guid>
      <description></description>
    </item>
    
    <item>
      <title>intune</title>
      <link>https://credibledev.com/categories/intune/</link>
      <pubDate>Fri, 06 Oct 2023 00:00:00 +0000</pubDate>
      
      <guid>https://credibledev.com/categories/intune/</guid>
      <description></description>
    </item>
    
    <item>
      <title>linux</title>
      <link>https://credibledev.com/categories/linux/</link>
      <pubDate>Thu, 05 Oct 2023 00:00:00 +0000</pubDate>
      
      <guid>https://credibledev.com/categories/linux/</guid>
      <description></description>
    </item>
    
    <item>
      <title>manjaro</title>
      <link>https://credibledev.com/categories/manjaro/</link>
      <pubDate>Thu, 28 Sep 2023 00:00:00 +0000</pubDate>
      
      <guid>https://credibledev.com/categories/manjaro/</guid>
      <description></description>
    </item>
    
    <item>
      <title>dotnet-programming</title>
      <link>https://credibledev.com/categories/dotnet-programming/</link>
      <pubDate>Mon, 20 Feb 2023 00:00:00 +0000</pubDate>
      
      <guid>https://credibledev.com/categories/dotnet-programming/</guid>
      <description></description>
    </item>
    
    <item>
      <title>programming</title>
      <link>https://credibledev.com/categories/programming/</link>
      <pubDate>Mon, 20 Feb 2023 00:00:00 +0000</pubDate>
      
      <guid>https://credibledev.com/categories/programming/</guid>
      <description></description>
    </item>
    
    <item>
      <title>bash-scripting</title>
      <link>https://credibledev.com/categories/bash-scripting/</link>
      <pubDate>Fri, 10 Feb 2023 00:00:00 +0000</pubDate>
      
      <guid>https://credibledev.com/categories/bash-scripting/</guid>
      <description></description>
    </item>
    
    <item>
      <title>python</title>
      <link>https://credibledev.com/categories/python/</link>
      <pubDate>Fri, 27 Jan 2023 00:00:00 +0000</pubDate>
      
      <guid>https://credibledev.com/categories/python/</guid>
      <description></description>
    </item>
    
    <item>
      <title>vps-setup</title>
      <link>https://credibledev.com/categories/vps-setup/</link>
      <pubDate>Wed, 25 Jan 2023 00:00:00 +0000</pubDate>
      
      <guid>https://credibledev.com/categories/vps-setup/</guid>
      <description></description>
    </item>
    
    <item>
      <title>powershell</title>
      <link>https://credibledev.com/categories/powershell/</link>
      <pubDate>Sat, 21 Jan 2023 00:00:00 +0000</pubDate>
      
      <guid>https://credibledev.com/categories/powershell/</guid>
      <description></description>
    </item>
    
    <item>
      <title>windows-10</title>
      <link>https://credibledev.com/categories/windows-10/</link>
      <pubDate>Sat, 21 Jan 2023 00:00:00 +0000</pubDate>
      
      <guid>https://credibledev.com/categories/windows-10/</guid>
      <description></description>
    </item>
    
    <item>
      <title>sccm</title>
      <link>https://credibledev.com/categories/sccm/</link>
      <pubDate>Thu, 19 Jan 2023 00:00:00 +0000</pubDate>
      
      <guid>https://credibledev.com/categories/sccm/</guid>
      <description></description>
    </item>
    
    <item>
      <title>javascript</title>
      <link>https://credibledev.com/categories/javascript/</link>
      <pubDate>Thu, 13 Oct 2022 00:00:00 +0000</pubDate>
      
      <guid>https://credibledev.com/categories/javascript/</guid>
      <description></description>
    </item>
    
    <item>
      <title>vdi</title>
      <link>https://credibledev.com/categories/vdi/</link>
      <pubDate>Thu, 28 Apr 2022 00:00:00 +0000</pubDate>
      
      <guid>https://credibledev.com/categories/vdi/</guid>
      <description></description>
    </item>
    
  </channel>
</rss>
