<?xml version="1.0" encoding="utf-8" standalone="yes"?>
<rss version="2.0" xmlns:atom="http://www.w3.org/2005/Atom" xmlns:content="http://purl.org/rss/1.0/modules/content/">
  <channel>
    <title>docker on credibleDEV</title>
    <link>https://credibledev.com/tags/docker/</link>
    <description>Recent content in docker on credibleDEV</description>
    <generator>Hugo -- gohugo.io</generator>
    <language>en-us</language>
    <lastBuildDate>Wed, 08 Mar 2023 00:00:00 +0000</lastBuildDate><atom:link href="https://credibledev.com/tags/docker/index.xml" rel="self" type="application/rss+xml" />
    <item>
      <title>Install Docker and Portainer on Proxmox</title>
      <link>https://credibledev.com/install-docker-and-portainer-on-proxmox/</link>
      <pubDate>Wed, 08 Mar 2023 00:00:00 +0000</pubDate>
      
      <guid>https://credibledev.com/install-docker-and-portainer-on-proxmox/</guid>
      <description>Learn how to install Docker on Proxmox and use Portainer to easily manager your Docker instance and containers.</description>
    </item>
    
    <item>
      <title>Mac OSX on Manjaro Linux Made Easy With Docker</title>
      <link>https://credibledev.com/mac-osx-on-manjaro-linux-made-easy-with-docker/</link>
      <pubDate>Tue, 21 Feb 2023 00:00:00 +0000</pubDate>
      
      <guid>https://credibledev.com/mac-osx-on-manjaro-linux-made-easy-with-docker/</guid>
      <description>You can run macOS on Manjaro and other Linux distributions easily with Docker for testing and development work.</description>
    </item>
    
    <item>
      <title>Setup Docker on Manjaro Linux</title>
      <link>https://credibledev.com/setup-docker-on-manjaro-linux/</link>
      <pubDate>Sat, 14 Jan 2023 00:00:00 +0000</pubDate>
      
      <guid>https://credibledev.com/setup-docker-on-manjaro-linux/</guid>
      <description>Installing Docker on Manjaro Linux and other Arch based distros is pretty simple. This quick guide will help you setup and use Docker.</description>
    </item>
    
  </channel>
</rss>
